IP_Address,Port_Number,File_Name,TimeStamp,File_Hash,Type
,,,,,
,,,,,
,,,,,
,,,,,
,,,,,
,,,,,
,,,,,
,,,,,
,,,,,
,,,,,
,,,,,
,,,,,
,,,,,
,,,,,
,,,,,
,,,,,
,,,,,
,,,,,
,,,,,
,,,,,
,,,,,
,,,,,
,,,,,
,,,,,
,,,,,
,,,,,
,,,,,
,,,,,
,,,,,
,,,,,
,,,,,
,,,,,
,,,,,
,,,,,
,,,,,
,,,,,
,,,,,
,,,,,
,,,,,
,,,,,
,,,,,
,,,,,
,,,,,
,,,,,
,,,,,
,,,,,
,,,,,
,,,,,
,,,,,
,,,,,
,,,,,
,,,,,
,,,,,
,,,,,
,,,,,
,,,,,
,,,,,
,,,,,
,,,,,
,,,,,
,,,,,
,,,,,
,,,,,
,,,,,
,,,,,
,,,,,
,,,,,
,,,,,
,,,,,
,,,,,
,,,,,
,,,,,
,,,,,
,,,,,
,,,,,
,,,,,
,,,,,
,,,,,
,,,,,
,,,,,
,,,,,
,,,,,
,,,,,
,,,,,
,,,,,
,,,,,
,,,,,
,,,,,
127.0.0.1,58916,20260415_125141_MIME.exe,2026-04-15 12:51:43,91f0a740a54c5e44645802e17cee1daa,Man In Middle File
127.0.0.1,63611,20260415_125431_Dos.exe,2026-04-15 12:54:32,0941f84fd63206002d812476b5e1a77a,DOS File
127.0.0.1,58016,20260415_125526_MIME.exe,2026-04-15 12:55:28,91f0a740a54c5e44645802e17cee1daa,Man In Middle File
127.0.0.1,62454,20260415_125752_Virus.exe,2026-04-15 12:57:54,085f52a5fc72ac5f0b3b3a135aa63495,Virus File
127.0.0.1,56010,20260416_110243_Virus.exe,2026-04-16 11:02:44,085f52a5fc72ac5f0b3b3a135aa63495,Virus File
127.0.0.1,56131,20260416_124005_av1.vbs,2026-04-16 12:40:06,e8e1593879615e8c42dbc10b81f896f7,AV Evasion File
127.0.0.1,49195,20260509_110854_av1.vbs,2026-05-09 11:08:55,e8e1593879615e8c42dbc10b81f896f7,AV Evasion File
127.0.0.1,60257,20260509_111234_Normal.exe,2026-05-09 11:12:36,19be9a044d70ab63cb0ab95b7c388b49,Anomaly Detected
127.0.0.1,60715,20260509_111630_MIME.exe,2026-05-09 11:16:32,91f0a740a54c5e44645802e17cee1daa,Man In Middle File
127.0.0.1,65185,20260509_124452_Normal.exe,2026-05-09 12:44:53,19be9a044d70ab63cb0ab95b7c388b49,Anomaly Detected
127.0.0.1,54277,20260511_130535_MIME.exe,2026-05-11 13:05:36,91f0a740a54c5e44645802e17cee1daa,Man In Middle File
127.0.0.1,54319,20260511_130738_MIME.exe,2026-05-11 13:07:40,91f0a740a54c5e44645802e17cee1daa,Man In Middle File
127.0.0.1,49926,20260511_151908_received_file.txt,2026-05-11 15:19:08,d41d8cd98f00b204e9800998ecf8427e,Normal File
127.0.0.1,49944,20260511_152006_MIME.exe,2026-05-11 15:20:08,91f0a740a54c5e44645802e17cee1daa,Man In Middle File
127.0.0.1,54112,20260511_152202_Dos.exe,2026-05-11 15:22:03,0941f84fd63206002d812476b5e1a77a,DOS File
127.0.0.1,54122,20260511_152343_MIME.exe,2026-05-11 15:23:44,91f0a740a54c5e44645802e17cee1daa,Man In Middle File
127.0.0.1,55074,20260514_223031_av2.py,2026-05-14 22:30:32,8a9b44d5daad3f4e7d1ef538f5c6d828,AV Evasion File
127.0.0.1,54902,20260515_091710_Virus.exe,2026-05-15 09:17:12,085f52a5fc72ac5f0b3b3a135aa63495,Virus File
127.0.0.1,58572,20260515_093019_ping.txt,2026-05-15 09:30:20,f8402e8dd0f4817fa869d3375cadd809,DDoS Attack File
127.0.0.1,57428,20260515_125131_MIME.exe,2026-05-15 12:51:32,91f0a740a54c5e44645802e17cee1daa,Man In Middle File
127.0.0.1,64809,20260515_133123_MIME.exe,2026-05-15 13:31:25,91f0a740a54c5e44645802e17cee1daa,Man In Middle File
